youth_id,first_name,last_name
YP-0001,Amir,Johnson
YP-0002,Carter,Moore
YP-0003,Jayden,Carter
YP-0004,Maya,Williams
YP-0005,Mia,Williams
YP-0006,Aaliyah,Robinson
YP-0007,Liam,Taylor
YP-0008,Jayden,Williams
YP-0009,Olivia,Miller
YP-0010,Jordan,Flores
YP-0011,Amir,Carter
YP-0012,Camila,Martinez
YP-0013,Carter,Carter
YP-0014,Daniel,Robinson
YP-0015,Mia,Davis
YP-0016,Jordan,Williams
YP-0017,Noah,Hill
YP-0018,Sophia,Flores
YP-0019,Jordan,Brown
YP-0020,Amir,Taylor
YP-0021,Amir,Flores
YP-0022,Amir,Flores
YP-0023,Gabriella,Hill
YP-0024,Ava,Robinson
YP-0025,Zoe,Carter
YP-0026,Sophia,Bailey
YP-0027,Camila,Williams
YP-0028,Maya,Lee
YP-0029,Isaiah,Robinson
YP-0030,Maya,Flores
YP-0031,Carter,Brown
YP-0032,Isaiah,Bailey
YP-0033,Sophia,Hill
YP-0034,Jayden,Flores
YP-0035,Zoe,Brown
YP-0036,Olivia,Carter
YP-0037,Gabriella,Nguyen
YP-0038,Jayden,Miller
YP-0039,Amir,Nguyen
YP-0040,Liam,Williams
YP-0041,Ava,Lopez
YP-0042,Carter,Brown
YP-0043,Carter,Taylor
YP-0044,Gabriella,Carter
YP-0045,Olivia,Miller
YP-0046,Maya,Taylor
YP-0047,Amir,Davis
YP-0048,Aaliyah,Carter
YP-0049,Camila,Davis
YP-0050,Aaliyah,Lee
YP-0051,Camila,Smith
YP-0052,Mia,Hill
YP-0053,Maya,Lee
YP-0054,Jordan,Brown
YP-0055,Amir,Brown
YP-0056,Elijah,Martinez
YP-0057,Elijah,Taylor
YP-0058,Jordan,Hill
YP-0059,Zoe,Taylor
YP-0060,Liam,Lee
YP-0061,Jordan,Lopez
YP-0062,Amir,Flores
YP-0063,Olivia,Flores
YP-0064,Elijah,Bailey
YP-0065,Emma,Johnson
YP-0066,Emma,Lopez
YP-0067,Elijah,Garcia
YP-0068,Jordan,Martinez
YP-0069,Emma,Bailey
YP-0070,Maya,Robinson
YP-0071,Amir,Carter
YP-0072,Aaliyah,Anderson
YP-0073,Olivia,Williams
YP-0074,Noah,Robinson
YP-0075,Noah,Carter
YP-0076,Sophia,Lopez
YP-0077,Ethan,Green
YP-0078,Carter,Moore
YP-0079,Jordan,Davis
YP-0080,Emma,Anderson
YP-0081,Camila,Green
YP-0082,Camila,Taylor
YP-0083,Zoe,Miller
YP-0084,Elijah,Martinez
YP-0085,Liam,Carter
YP-0086,Aaliyah,Flores
YP-0087,Jordan,Carter
YP-0088,Isaiah,Lee
YP-0089,Ethan,Smith
YP-0090,Carter,Smith
YP-0091,Sophia,Davis
YP-0092,Emma,Garcia
YP-0093,Emma,Bailey
YP-0094,Ava,Hill
YP-0095,Mia,Hill
YP-0096,Ava,Nguyen
YP-0097,Isaiah,Davis
YP-0098,Isaiah,Green
YP-0099,Aaliyah,Garcia
YP-0100,Mia,Davis
YP-0101,Gabriella,Taylor
YP-0102,Maya,Johnson
YP-0103,Mia,Moore
YP-0104,Gabriella,Smith
YP-0105,Mia,Smith
YP-0106,Zoe,Miller
YP-0107,Liam,Robinson
YP-0108,Sophia,Brown
YP-0109,Elijah,Williams
YP-0110,Carter,Williams
YP-0111,Aaliyah,Carter
YP-0112,Ava,Green
YP-0113,Elijah,Garcia
YP-0114,Zoe,Robinson
YP-0115,Amir,Hill
YP-0116,Daniel,Nguyen
YP-0117,Maya,Miller
YP-0118,Gabriella,Brown
YP-0119,Isaiah,Moore
YP-0120,Maya,Hill
YP-0121,Mia,Davis
YP-0122,Camila,Lee
YP-0123,Jayden,Lee
YP-0124,Jayden,Carter
YP-0125,Jordan,Moore
YP-0126,Isaiah,Johnson
YP-0127,Elijah,Green
YP-0128,Maya,Flores
YP-0129,Jayden,Johnson
YP-0130,Liam,Green
YP-0131,Sophia,Johnson
YP-0132,Noah,Bailey
YP-0133,Daniel,Johnson
YP-0134,Carter,Davis
YP-0135,Elijah,Davis
YP-0136,Daniel,Taylor
YP-0137,Noah,Garcia
YP-0138,Ethan,Nguyen
YP-0139,Jordan,Robinson
YP-0140,Daniel,Hill
YP-0141,Camila,Robinson
YP-0142,Jayden,Davis
YP-0143,Camila,Miller
YP-0144,Gabriella,Robinson
YP-0145,Ethan,Carter
YP-0146,Carter,Taylor
YP-0147,Noah,Martinez
YP-0148,Amir,Martinez
YP-0149,Sophia,Moore
YP-0150,Maya,Smith
YP-0151,Mia,Smith
YP-0152,Camila,Anderson
YP-0153,Mia,Nguyen
YP-0154,Ava,Johnson
YP-0155,Camila,Garcia
YP-0156,Maya,Brown
YP-0157,Olivia,Miller
YP-0158,Mia,Davis
YP-0159,Daniel,Lopez
YP-0160,Aaliyah,Brown
YP-0161,Ethan,Lee
YP-0162,Amir,Brown
YP-0163,Olivia,Lee
YP-0164,Daniel,Anderson
YP-0165,Jayden,Garcia
YP-0166,Isaiah,Carter
YP-0167,Liam,Moore
YP-0168,Amir,Anderson
YP-0169,Ava,Green
YP-0170,Camila,Garcia
YP-0171,Zoe,Garcia
YP-0172,Emma,Bailey
YP-0173,Jordan,Bailey
YP-0174,Camila,Carter
YP-0175,Gabriella,Anderson
YP-0176,Ava,Williams
YP-0177,Noah,Green
YP-0178,Ethan,Hill
YP-0179,Jordan,Williams
YP-0180,Daniel,Flores
YP-0181,Isaiah,Nguyen
YP-0182,Sophia,Miller
YP-0183,Liam,Lee
YP-0184,Maya,Lopez
YP-0185,Sophia,Garcia
YP-0186,Maya,Miller
YP-0187,Mia,Anderson
YP-0188,Noah,Davis
YP-0189,Maya,Bailey
YP-0190,Sophia,Flores
YP-0191,Camila,Brown
YP-0192,Maya,Brown
YP-0193,Maya,Carter
YP-0194,Camila,Anderson
YP-0195,Ethan,Robinson
YP-0196,Noah,Martinez
YP-0197,Emma,Nguyen
YP-0198,Aaliyah,Green
YP-0199,Isaiah,Lopez
YP-0200,Camila,Martinez
YP-0201,Ava,Davis
YP-0202,Aaliyah,Robinson
YP-0203,Zoe,Brown
YP-0204,Camila,Miller
YP-0205,Amir,Brown
YP-0206,Elijah,Carter
YP-0207,Olivia,Smith
YP-0208,Liam,Robinson
YP-0209,Aaliyah,Lopez
YP-0210,Sophia,Lee
YP-0211,Jayden,Johnson
YP-0212,Liam,Smith
YP-0213,Aaliyah,Moore
YP-0214,Ava,Anderson
YP-0215,Zoe,Anderson
YP-0216,Amir,Anderson
YP-0217,Liam,Hill
YP-0218,Ethan,Smith
YP-0219,Gabriella,Anderson
YP-0220,Jayden,Moore
YP-0221,Gabriella,Bailey
YP-0222,Camila,Martinez
YP-0223,Gabriella,Hill
YP-0224,Isaiah,Brown
YP-0225,Jayden,Bailey
YP-0226,Elijah,Smith
YP-0227,Camila,Miller
YP-0228,Isaiah,Lopez
YP-0229,Sophia,Moore
YP-0230,Gabriella,Carter
YP-0231,Mia,Lopez
YP-0232,Noah,Flores
YP-0233,Camila,Moore
YP-0234,Liam,Miller
YP-0235,Mia,Flores
YP-0236,Emma,Williams
YP-0237,Ethan,Hill
YP-0238,Mia,Miller
YP-0239,Camila,Lee
YP-0240,Isaiah,Johnson
YP-0241,Camila,Williams
YP-0242,Noah,Robinson
YP-0243,Maya,Smith
YP-0244,Mia,Hill
YP-0245,Jordan,Martinez
YP-0246,Amir,Anderson
YP-0247,Aaliyah,Flores
YP-0248,Gabriella,Garcia
YP-0249,Jayden,Williams
YP-0250,Isaiah,Davis
YP-0251,Noah,Williams
YP-0252,Noah,Moore
YP-0253,Liam,Taylor
YP-0254,Aaliyah,Hill
YP-0255,Emma,Smith
YP-0256,Isaiah,Johnson
YP-0257,Zoe,Anderson
YP-0258,Sophia,Robinson
YP-0259,Daniel,Bailey
YP-0260,Gabriella,Davis
YP-0261,Camila,Moore
YP-0262,Isaiah,Hill
YP-0263,Carter,Green
YP-0264,Aaliyah,Brown
YP-0265,Ethan,Hill
YP-0266,Daniel,Taylor
YP-0267,Maya,Robinson
YP-0268,Amir,Flores
YP-0269,Ava,Martinez
YP-0270,Gabriella,Smith
YP-0271,Zoe,Davis
YP-0272,Noah,Lopez
YP-0273,Ava,Lopez
YP-0274,Zoe,Moore
YP-0275,Jayden,Brown
YP-0276,Mia,Taylor
YP-0277,Ava,Carter
YP-0278,Carter,Davis
YP-0279,Mia,Miller
YP-0280,Gabriella,Lopez
YP-0281,Ethan,Bailey
YP-0282,Jordan,Davis
YP-0283,Maya,Williams
YP-0284,Sophia,Taylor
YP-0285,Jayden,Lee
YP-0286,Sophia,Anderson
YP-0287,Carter,Green
YP-0288,Daniel,Lee
YP-0289,Ava,Smith
YP-0290,Maya,Anderson
YP-0291,Jordan,Lee
YP-0292,Gabriella,Robinson
YP-0293,Daniel,Green
YP-0294,Elijah,Miller
YP-0295,Olivia,Taylor
YP-0296,Noah,Martinez
YP-0297,Isaiah,Green
YP-0298,Emma,Lee
YP-0299,Emma,Nguyen
YP-0300,Ava,Johnson
YP-0301,Isaiah,Carter
YP-0302,Mia,Lee
YP-0303,Camila,Martinez
YP-0304,Amir,Anderson
YP-0305,Gabriella,Lee
YP-0306,Elijah,Johnson
YP-0307,Aaliyah,Martinez
YP-0308,Sophia,Bailey
YP-0309,Sophia,Lee
YP-0310,Amir,Bailey
YP-0311,Mia,Martinez
YP-0312,Camila,Green
YP-0313,Carter,Bailey
YP-0314,Sophia,Miller
YP-0315,Jayden,Brown
YP-0316,Noah,Green
YP-0317,Camila,Hill
YP-0318,Aaliyah,Moore
YP-0319,Camila,Green
YP-0320,Isaiah,Nguyen
YP-0321,Zoe,Miller
YP-0322,Olivia,Lopez
YP-0323,Jayden,Brown
YP-0324,Liam,Johnson
YP-0325,Emma,Lopez
YP-0326,Zoe,Miller
YP-0327,Mia,Taylor
YP-0328,Ava,Williams
YP-0329,Amir,Garcia
YP-0330,Camila,Martinez
YP-0331,Gabriella,Garcia
YP-0332,Liam,Moore
YP-0333,Daniel,Williams
YP-0334,Noah,Brown
YP-0335,Jayden,Flores
YP-0336,Aaliyah,Moore
YP-0337,Emma,Anderson
YP-0338,Olivia,Lee
YP-0339,Jordan,Lee
YP-0340,Daniel,Nguyen
YP-0341,Liam,Flores
YP-0342,Maya,Smith
YP-0343,Amir,Carter
YP-0344,Maya,Bailey
YP-0345,Liam,Anderson
YP-0346,Gabriella,Smith
YP-0347,Maya,Hill
YP-0348,Carter,Lee
YP-0349,Emma,Hill
YP-0350,Jordan,Smith
YP-0351,Zoe,Taylor
YP-0352,Jayden,Robinson
YP-0353,Zoe,Martinez
YP-0354,Camila,Lee
YP-0355,Gabriella,Lopez
YP-0356,Carter,Lopez
YP-0357,Olivia,Moore
YP-0358,Maya,Robinson
YP-0359,Zoe,Anderson
YP-0360,Sophia,Flores
YP-0361,Aaliyah,Smith
YP-0362,Liam,Anderson
YP-0363,Aaliyah,Taylor
YP-0364,Gabriella,Carter
YP-0365,Daniel,Robinson
YP-0366,Amir,Martinez
YP-0367,Elijah,Martinez
YP-0368,Maya,Robinson
YP-0369,Carter,Davis
YP-0370,Zoe,Moore
YP-0371,Noah,Garcia
YP-0372,Ava,Flores
YP-0373,Emma,Smith
YP-0374,Ethan,Brown
YP-0375,Ava,Flores
YP-0376,Gabriella,Hill
YP-0377,Mia,Johnson
YP-0378,Noah,Anderson
YP-0379,Maya,Lopez
YP-0380,Amir,Lopez
YP-0381,Ava,Carter
YP-0382,Aaliyah,Johnson
YP-0383,Ava,Taylor
YP-0384,Emma,Hill
YP-0385,Sophia,Anderson
YP-0386,Ethan,Miller
YP-0387,Elijah,Anderson
YP-0388,Camila,Garcia
YP-0389,Isaiah,Williams
YP-0390,Zoe,Moore
YP-0391,Elijah,Robinson
YP-0392,Ethan,Lee
YP-0393,Amir,Hill
YP-0394,Ava,Nguyen
YP-0395,Aaliyah,Green
YP-0396,Isaiah,Williams
YP-0397,Elijah,Hill
YP-0398,Jordan,Martinez
YP-0399,Zoe,Miller
YP-0400,Amir,Johnson
YP-0401,Maya,Hill
YP-0402,Liam,Carter
YP-0403,Zoe,Carter
YP-0404,Amir,Moore
YP-0405,Liam,Lee
YP-0406,Elijah,Garcia
YP-0407,Jordan,Miller
YP-0408,Camila,Taylor
YP-0409,Carter,Taylor
YP-0410,Sophia,Lopez
YP-0411,Jordan,Garcia
YP-0412,Daniel,Anderson
YP-0413,Emma,Brown
YP-0414,Camila,Martinez
YP-0415,Amir,Taylor
YP-0416,Aaliyah,Moore
YP-0417,Jayden,Davis
YP-0418,Emma,Johnson
YP-0419,Camila,Martinez
YP-0420,Amir,Bailey
YP-0421,Gabriella,Martinez
YP-0422,Jayden,Green
YP-0423,Carter,Hill
YP-0424,Emma,Moore
YP-0425,Amir,Anderson
YP-0426,Ethan,Nguyen
YP-0427,Camila,Anderson
YP-0428,Isaiah,Garcia
YP-0429,Sophia,Garcia
YP-0430,Maya,Lee
YP-0431,Olivia,Taylor
YP-0432,Daniel,Robinson
YP-0433,Aaliyah,Robinson
YP-0434,Gabriella,Robinson
YP-0435,Camila,Robinson
YP-0436,Jordan,Nguyen
YP-0437,Gabriella,Williams
YP-0438,Ava,Johnson
YP-0439,Carter,Green
YP-0440,Jayden,Lopez
YP-0441,Mia,Miller
YP-0442,Camila,Williams
YP-0443,Aaliyah,Moore
YP-0444,Aaliyah,Davis
YP-0445,Mia,Moore
YP-0446,Ethan,Robinson
YP-0447,Jayden,Martinez
YP-0448,Liam,Miller
YP-0449,Gabriella,Bailey
YP-0450,Noah,Nguyen
YP-0451,Aaliyah,Taylor
YP-0452,Liam,Taylor
YP-0453,Sophia,Bailey
YP-0454,Camila,Anderson
YP-0455,Daniel,Johnson
YP-0456,Mia,Lopez
YP-0457,Olivia,Green
YP-0458,Elijah,Brown
YP-0459,Noah,Lopez
YP-0460,Isaiah,Brown
YP-0461,Zoe,Brown
YP-0462,Aaliyah,Flores
YP-0463,Mia,Lopez
YP-0464,Jordan,Flores
YP-0465,Noah,Flores
YP-0466,Isaiah,Anderson
YP-0467,Amir,Anderson
YP-0468,Camila,Davis
YP-0469,Jayden,Taylor
YP-0470,Noah,Brown
YP-0471,Ava,Hill
YP-0472,Zoe,Garcia
YP-0473,Noah,Flores
YP-0474,Camila,Anderson
YP-0475,Sophia,Smith
YP-0476,Liam,Taylor
YP-0477,Elijah,Johnson
YP-0478,Amir,Lee
YP-0479,Ethan,Robinson
YP-0480,Ava,Williams
YP-0481,Liam,Martinez
YP-0482,Carter,Anderson
YP-0483,Aaliyah,Taylor
YP-0484,Camila,Moore
YP-0485,Daniel,Carter
YP-0486,Sophia,Brown
YP-0487,Noah,Bailey
YP-0488,Maya,Brown
YP-0489,Zoe,Green
YP-0490,Camila,Anderson
YP-0491,Amir,Smith
YP-0492,Mia,Flores
YP-0493,Amir,Johnson
YP-0494,Daniel,Johnson
YP-0495,Noah,Smith
YP-0496,Isaiah,Garcia
YP-0497,Ava,Miller
YP-0498,Emma,Smith
YP-0499,Ethan,Smith
YP-0500,Daniel,Smith
